Symbol,Name,Last Sale,Net Change,% Change,Market Cap,Country,IPO Year,Volume,Sector,Industry
AAMC,Altisource Asset Management Corp Com,$3.98,0.01,0.252%,10166958.00,United States,,5863,Finance,Real Estate
ACU,Acme United Corporation. Common Stock,$45.01,-1.36,-2.933%,164070452.00,United States,1988,5827,Consumer Discretionary,Industrial Machinery/Components
ADRT,Ault Disruptive Technologies Corporation Common Stock,$13.00,0.00,0.00%,186875000.00,,2022,6,Finance,Blank Checks
AE,Adams Resources & Energy Inc. Common Stock,$29.50,-0.43,-1.437%,75716146.00,United States,1980,380,Energy,Oil Refining/Marketing
AEF,abrdn Emerging Markets Equity Income Fund Inc. Common Stock,$5.11,0.06,1.188%,548622375.00,United States,,14765,Finance,Finance/Investors Services
AEON,AEON Biopharma Inc. Class A Common Stock,$8.15,-0.25,-2.976%,307979193.00,United States,,3289,Health Care,Biotechnology: Pharmaceutical Preparations
AIM,AIM ImmunoTech Inc. Common Stock,$0.493,0.0008,0.163%,24601280.00,United States,1997,78288,Health Care,Biotechnology: Biological Products (No Diagnostic Substances)
AINC,Ashford Inc. (Holding Company) Common Stock,$4.68,-0.07,-1.474%,15041403.00,United States,2014,137456,Consumer Discretionary,Professional Services
AIRI,Air Industries Group Common Stock,$4.66,-0.345,-6.893%,15392190.00,United States,,5461,Industrials,Military/Government/Technical
AMBI,Ambipar Emergency Response Class A Ordinary Shares,$5.29,0.00,0.00%,293223907.00,,,49,Industrials,Environmental Services
AMBO,Ambow Education Holding Ltd. American Depository Shares (each representing twenty (20) Class A Ordinary Shares),$1.77,0.11,6.627%,5055786.00,China,,15153,Real Estate,Other Consumer Services
AMPE,Ampio Pharmaceuticals Inc.,$0.8435,0.00,0.00%,957674.00,United States,2022,1237,Health Care,Biotechnology: Pharmaceutical Preparations
AMS,American Shared Hospital Services Common Stock,$2.95,0.02,0.683%,18673500.00,United States,1988,1244,Health Care,Medical Specialities
APT,Alpha Pro Tech Ltd. Common Stock,$6.46,-0.02,-0.309%,74044740.00,Canada,2000,8332,Health Care,Industrial Specialties
AREN,The Arena Group Holdings Inc. Common Stock,$0.8301,-0.0169,-1.995%,24712536.00,United States,2022,1872,Health Care,Medical/Dental Instruments
ARMN,Aris Mining Corporation Common Shares,$3.68,0.05,1.377%,507940799.00,,2023,84085,,
ARMP,Armata Pharmaceuticals Inc. Common Stock,$3.78,0.00,0.00%,136641477.00,United States,,113,Health Care,Biotechnology: Biological Products (No Diagnostic Substances)
ASM,Avino Silver & Gold Mines Ltd. Common Shares (Canada),$0.78,-0.03,-3.704%,98128795.00,Canada,,911777,,
ASXC,Asensus Surgical Inc. Common Stock,$0.2628,-0.0042,-1.573%,71478018.00,United States,,524122,Health Care,Medical/Dental Instruments
ATCH,AtlasClear Holdings Inc. Common Stock,$1.56,-0.02,-1.266%,18379544.00,,2024,1407,Finance,Finance: Consumer Services
ATEK,Athena Technology Acquisition Corp. II Class A Common Stock,$11.20,0.00,0.00%,0.00,,2022,46,Finance,Blank Checks
ATNM,Actinium Pharmaceuticals Inc. (Delaware) Common Stock,$9.33,-0.21,-2.201%,274268515.00,United States,,87140,Health Care,Biotechnology: Pharmaceutical Preparations
AULT,Ault Alliance Inc. Common Stock,$0.3642,0.0034,0.942%,1027918.00,United States,1997,421673,Technology,Industrial Machinery/Components
AULT^D,Ault Alliance Inc. 13.00% Series D Cumulative Redeemable Perpetual Preferred Stock,$23.72,0.00,0.00%,,United States,,50,,
AUMN,Golden Minerals Company Common Stock,$0.7661,0.0763,11.061%,11164568.00,United States,,887812,Basic Materials,Precious Metals
AUST,Austin Gold Corp. Common Shares,$1.305,0.015,1.163%,17319634.00,,2022,22571,,
AWX,Avalon Holdings Corporation Common Stock,$2.31,0.00,0.00%,9007686.00,United States,1998,51,Utilities,Environmental Services
AXIL,AXIL Brands Inc. Common Stock,$12.63,-0.3699,-2.845%,73934088.00,,2024,195,Consumer Discretionary,Package Goods/Cosmetics
AZTR,Azitra Inc Common Stock,$0.2164,-0.0226,-9.456%,6233325.00,,2023,336728,Health Care,Biotechnology: Pharmaceutical Preparations
BACA,Berenson Acquisition Corp. I Class A Common Stock,$10.38,0.00,0.00%,0.00,,2021,19,Finance,Blank Checks
BATL,Battalion Oil Corporation Common Stock,$6.55,0.05,0.769%,107790488.00,United States,,3302,Energy,Oil & Gas Production
BCV,Bancroft Fund Ltd.,$15.62,0.08,0.515%,0.00,United States,1972,1213,Finance,Finance/Investors Services
BCV^A,Bancroft Fund Limited 5.375% Series A Cumulative Preferred Shares,$23.10,0.00,0.00%,,United States,,11,,
BDL,Flanigan's Enterprises Inc. Common Stock,$27.54,-0.78,-2.754%,51187138.00,United States,1972,1035,Consumer Discretionary,Restaurants
BEEP,Mobile Infrastructure Corporation Common Stock,$3.79,0.03,0.798%,0.00,,2023,2626,Finance,Blank Checks
BGI,Birks Group Inc. Common Stock,$3.23,0.0599,1.89%,35433100.00,Canada,,187,Consumer Discretionary,Consumer Specialties
BHB,Bar Harbor Bankshares Inc. Common Stock,$25.40,0.36,1.438%,385699533.00,United States,1997,937,Finance,Major Banks
BHM,Bluerock Homes Trust Inc. Class A Common Stock,$16.90,0.4556,2.771%,65567843.00,,2022,1985,Real Estate,Real Estate Investment Trusts
BITE,Bite Acquisition Corp. Common Stock,$10.76,0.00,0.00%,0.00,,2021,4,Finance,Blank Checks
BKTI,BK Technologies Corporation Common Stock,$15.15,0.36,2.434%,53403780.00,United States,,1003,Technology,Radio And Television Broadcasting And Communications Equipment
BLUA,BlueRiver Acquisition Corp. Class A Ordinary Shares,$10.90,0.015,0.138%,0.00,,2021,1900,Finance,Blank Checks
BMTX,BM Technologies Inc. Common Stock,$1.68,0.07,4.348%,19941474.00,,2018,468,Finance,Major Banks
BQ,Boqii Holding Limited American Depositary Shares representing Class A Ordinary Shares,$0.2402,-0.0004,-0.166%,1563259.00,,2020,24188,Consumer Discretionary,Other Specialty Stores
BRBS,Blue Ridge Bankshares Inc. Common Stock,$2.7438,-0.0262,-0.946%,52676512.00,United States,,23404,Finance,Commercial Banks
BRN,Barnwell Industries Inc. Common Stock,$2.6899,0.0199,0.745%,26974559.00,United States,1965,3616,Energy,Oil & Gas Production
BTG,B2Gold Corp Common shares (Canada),$2.81,-0.05,-1.748%,3661286597.00,Canada,,4482496,,
BTTR,Better Choice Company Inc. Common Stock,$6.19,-1.55,-20.026%,5098406.00,,2021,64100,Consumer Staples,Beverages (Production/Distribution)
BURU,Nuburu Inc. Common Stock,$0.1699,0.0019,1.131%,6268345.00,United States,2020,311936,Technology,Industrial Machinery/Components
CANF,Can-Fite Biopharma Ltd Sponsored ADR (Israel),$2.4161,0.0661,2.813%,10951676.00,Israel,,544,Health Care,Biotechnology: Pharmaceutical Preparations
CATX,Perspective Therapeutics Inc. Common Stock,$1.455,-0.025,-1.689%,853962747.00,United States,,268404,Health Care,Medical/Dental Instruments
CCEL,Cryo-Cell International Inc. Common Stock,$7.43,0.00,0.00%,61570813.00,United States,2022,312,Health Care,Managed Health Care
CEI,Camber Energy Inc. Common Stock,$0.22,-0.012,-5.172%,32766866.00,United States,,3023666,Energy,Oil & Gas Production
CET,Central Securities Corporation Common Stock,$41.54,0.25,0.605%,10053726808.00,United States,1951,5971,Finance,Finance/Investors Services
CEV,Eaton Vance California Municipal Income Trust Shares of Beneficial Interest,$10.60,0.005,0.047%,74555895.00,United States,1999,1188,Finance,Investment Managers
CHAA,Catcha Investment Corp. Class A Ordinary Shares,$11.26,-0.01,-0.089%,0.00,,2021,621,Finance,Blank Checks
CHRO,Chromocell Therapeutics Corporation Common Stock,$2.2817,-0.0083,-0.362%,13159762.00,,2024,8541,,
CIK,Credit Suisse Asset Management Income Fund Inc. Common Stock,$2.95,0.03,1.027%,0.00,United States,,12440,Finance,Finance/Investors Services
CIX,CompX International Inc. Common Stock,$34.98,0.69,2.012%,430735220.00,United States,1998,4603,Consumer Discretionary,Industrial Machinery/Components
CKX,CKX Lands Inc. Common Stock,$13.37,0.00,0.00%,26624176.00,United States,2003,379,Energy,Oil & Gas Production
CLDI,Calidi Biotherapeutics Inc. Common Stock,$0.4178,0.0217,5.478%,14847791.00,,2021,75784,Health Care,Biotechnology: Biological Products (No Diagnostic Substances)
CLM,Cornerstone Strategic Value Fund Inc. New Common Stock,$7.715,0.065,0.85%,0.00,United States,2003,752783,Finance,Finance/Investors Services
CMCL,Caledonia Mining Corporation Plc Common Shares,$11.20,0.29,2.658%,214928000.00,Canada,,900,Basic Materials,Precious Metals
CMT,Core Molding Technologies Inc Common Stock,$17.22,-0.71,-3.96%,155680923.00,United States,1996,4962,Industrials,Plastic Products
COE,51Talk Online Education Group American depositary shares each representing 60 Class A ordinary shares,$6.90,-0.11,-1.569%,38848863.00,China,2016,2009,Real Estate,Other Consumer Services
COHN,Cohen & Company Inc.,$7.49,0.2158,2.967%,14442008.00,United States,,187,Finance,Investment Bankers/Brokers/Service
CPHI,China Pharma Holdings Inc. Common Stock,$0.3398,0.021,6.587%,5034771.00,China,,15486,Health Care,Biotechnology: Pharmaceutical Preparations
CRF,Cornerstone Total Return Fund Inc. (The) Common Stock,$7.7661,0.0861,1.121%,0.00,United States,2003,542091,Finance,Finance/Investors Services
CTGO,Contango ORE Inc. Common Stock,$19.69,-0.15,-0.756%,185088520.00,United States,2021,9721,Basic Materials,Precious Metals
CTM,Castellum Inc. Common Stock,$0.2656,-0.0094,-3.418%,14084745.00,,2022,54595,Technology,EDP Services
CVM,Cel-Sci Corporation Common Stock,$1.73,-0.04,-2.26%,86680320.00,United States,1997,13158,Health Care,Biotechnology: Biological Products (No Diagnostic Substances)
CVR,Chicago Rivet & Machine Co. Common Stock,$15.81,-0.03,-0.189%,15274547.00,United States,1930,247,Industrials,Industrial Machinery/Components
CVU,CPI Aerostructures Inc. Common Stock,$2.60,0.27,11.588%,32948256.00,United States,2022,345998,Industrials,Military/Government/Technical
CYBN,Cybin Inc. Common Shares,$0.4306,0.0155,3.734%,110480561.00,Canada,,1253364,Health Care,Pharmaceuticals and Biotechnology
DC,Dakota Gold Corp. Common Stock,$2.74,-0.02,-0.725%,240308801.00,United States,2022,69865,Basic Materials,Precious Metals
DDC,DDC Enterprise Limited Class A Ordinary Shares,$1.43,0.03,2.143%,28489987.00,,2023,471,Basic Materials,Metal Mining
DHY,Credit Suisse High Yield Bond Fund Common Stock,$2.05,0.02,0.985%,0.00,United States,1998,303045,Finance,Finance/Investors Services
DIT,AMCON Distributing Company Common Stock,$176.69,0.00,0.00%,111378662.00,United States,1999,12,Consumer Discretionary,Food Distributors
DLA,Delta Apparel Inc. Common Stock,$2.78,0.03,1.091%,19602197.00,United States,2000,6586,Consumer Staples,Apparel
DMF,BNY Mellon Municipal Income Inc. Common Stock,$6.76,0.045,0.67%,421086173.00,United States,1988,4340,Finance,Finance/Investors Services
DNN,Denison Mines Corp Ordinary Shares (Canada),$2.07,-0.07,-3.271%,1844362488.00,Canada,,4128338,,
DPSI,DecisionPoint Systems Inc. Common Stock,$8.9617,-0.1248,-1.373%,68828849.00,,2022,858,Technology,Retail: Computer Software & Peripheral Equipment
DSS,DSS Inc. Common Stock,$1.8804,0.0034,0.181%,13288358.00,United States,,3212,Consumer Discretionary,Containers/Packaging
DXF,Dunxin Financial Holdings Limited American Depositary Shares,$0.2849,0.0117,4.283%,618742.00,China,,95539,Finance,Finance: Consumer Services
EAD,Allspring Income Opportunities Fund Common Shares,$6.58,0.04,0.612%,0.00,United States,2003,64154,Finance,Finance/Investors Services
ECF,Ellsworth Growth and Income Fund Ltd.,$7.95,0.01,0.126%,0.00,United States,1986,5479,Finance,Finance/Investors Services
ECF^A,Ellsworth Growth and Income Fund Ltd. 5.25% Series A Cumulative Preferred Shares (Liquidation Preference $25.00 per share),$22.51,0.00,0.00%,,United States,,2,,
EFSH,1847 Holdings LLC Common Shares,$2.50,-0.23,-8.425%,1979468.00,,2022,176420,Consumer Discretionary,Professional Services
EIM,Eaton Vance Municipal Bond Fund Common Shares of Beneficial Interest $.01 par value,$10.13,0.065,0.646%,0.00,United States,2002,64759,Finance,Finance/Investors Services
ELA,Envela Corporation Common Stock,$4.56,0.03,0.662%,120157883.00,United States,,499,Consumer Discretionary,Consumer Specialties
ELLO,Ellomay Capital Ltd Ordinary Shares (Israel),$16.22,0.52,3.312%,208427000.00,Israel,,738,Utilities,Electric Utilities: Central
ELMD,Electromed Inc. Common Stock,$15.39,0.02,0.13%,132434444.00,United States,2011,9877,Health Care,Biotechnology: Electromedical & Electrotherapeutic Apparatus
EMX,EMX Royalty Corporation Common Shares (Canada),$1.895,-0.055,-2.821%,212626656.00,Canada,,266129,Basic Materials,Metal Mining
ENSV,Enservco Corporation Common Stock,$0.27,-0.02,-6.897%,7257504.00,United States,,383238,Energy,Oilfield Services/Equipment
ENX,Eaton Vance New York Municipal Bond Fund Common Shares of Beneficial Interest $.01 par value,$9.68,0.05,0.519%,0.00,United States,2002,4179,Finance,Finance/Investors Services
EP,Empire Petroleum Corporation Common Stock,$5.80,0.00,0.00%,148617309.00,United States,2022,61380,Energy,Oil & Gas Production
EPM,Evolution Petroleum Corporation Inc. Common Stock,$6.0381,-0.0619,-1.015%,202012666.00,United States,,27907,Energy,Oil & Gas Production
EQX,Equinox Gold Corp. Common Shares,$6.115,-0.135,-2.16%,1978842716.00,Canada,,935523,,
ERC,Allspring Multi-Sector Income Fund Common Stock,$9.29,0.06,0.65%,0.00,United States,2003,31107,Finance,Finance/Investors Services
ERH,Allspring Utilities and High Income Fund Common Shares,$9.254,0.014,0.152%,0.00,,2004,3003,Finance,Finance/Investors Services
ESP,Espey Mfg. & Electronics Corp. Common Stock,$24.2927,-0.3473,-1.409%,65855882.00,United States,1960,569,Technology,Industrial Machinery/Components
EVBN,Evans Bancorp Inc. Common Stock,$29.015,0.165,0.572%,159831826.00,United States,,345,Finance,Major Banks
EVE,EVe Mobility Acquisition Corp Class A Ordinary Shares,$10.97,-0.03,-0.273%,0.00,,2022,569,Finance,Blank Checks
EVI,EVI Industries Inc.  Common Stock,$22.82,-0.26,-1.127%,289226682.00,United States,1999,587,Consumer Discretionary,Other Consumer Services
EVM,Eaton Vance California Municipal Bond Fund Common Shares of Beneficial Interest $.01 par value,$9.40,-0.04,-0.424%,0.00,United States,2002,23935,Finance,Finance/Investors Services
EVV,Eaton Vance Limited Duration Income Fund Common Shares of Beneficial Interest,$9.67,0.06,0.624%,0.00,United States,2003,119224,Finance,Finance/Investors Services
FAX,abrdn Asia-Pacific Income Fund Inc. Common Stock,$2.695,0.015,0.56%,0.00,United States,1986,125824,Finance,Investment Managers
FCO,abrdn Global Income Fund Inc. Common Stock,$5.4699,0.0199,0.365%,0.00,United States,1992,14659,Finance,Investment Managers
FEN,First Trust Energy Income and Growth Fund,$16.50,-0.06,-0.362%,0.00,United States,2004,9317,Finance,Finance/Investors Services
FLYX,flyExclusive Inc. Class A Common Stock,$4.5199,0.1199,2.725%,77855169.00,,2023,10206,Finance,Blank Checks
FOXO,FOXO Technologies Inc. Class A Common Stock,$0.335,-0.0002,-0.06%,2996921.00,,2022,142036,Technology,Retail: Computer Software & Peripheral Equipment
FRD,Friedman Industries Inc. Common Stock,$19.365,0.065,0.337%,135096263.00,United States,1975,1822,Industrials,Steel/Iron Ore
FSI,Flexible Solutions International Inc. Common Stock (CDA),$2.26,0.00,0.00%,28138202.00,Canada,2002,38851,Consumer Discretionary,Recreational Games/Products/Toys
FSP,Franklin Street Properties Corp. Common Stock,$2.13,0.03,1.429%,220306652.00,United States,,46753,Real Estate,Real Estate Investment Trusts
FTF,Franklin Limited Duration Income Trust Common Shares of Beneficial Interest,$6.23,0.02,0.322%,251725480.00,United States,2003,175456,Finance,Finance/Investors Services
FURY,Fury Gold Mines Limited Common Shares,$0.5452,0.0352,6.902%,79352470.00,,2020,175044,Basic Materials,Precious Metals
GAU,Galiano Gold Inc.,$1.46,-0.09,-5.806%,328435934.00,Canada,,703215,Industrials,Mining & Quarrying of Nonmetallic Minerals (No Fuels)
GBR,New Concept Energy Inc Common Stock,$1.145,-0.035,-2.966%,5876064.00,United States,1993,9309,Energy,Oil & Gas Production
GENC,Gencor Industries Inc. Common Stock,$17.78,0.05,0.282%,260613942.00,United States,,17270,Industrials,Construction/Ag Equipment/Trucks
GGN,GAMCO Global Gold Natural Resources & Income Trust,$3.995,-0.005,-0.125%,0.00,United States,2005,86647,Finance,Finance/Investors Services
GGN^B,GAMCO Global Gold Natural Reources & Income Trust 5.00% Series B Cumulative 25.00 Liquidation Preference,$22.06,0.18,0.823%,,United States,,270,,
GLDG,GoldMining Inc. Common Shares,$0.8922,-0.0228,-2.492%,164022474.00,,,168727,Basic Materials,Precious Metals
GLO,Clough Global Opportunities Fund Common Stock,$5.1025,0.0125,0.246%,0.00,United States,2006,16534,Finance,Finance/Investors Services
GLQ,Clough Global Equity Fund Clough Global Equity Fund Common Shares of Beneficial Interest,$6.53,0.02,0.307%,0.00,United States,2005,8557,Finance,Finance/Investors Services
GLU,Gabelli Global Utility Common Shares of Beneficial Ownership,$14.9306,0.0306,0.205%,89119423.00,United States,2004,3081,Finance,Finance/Investors Services
GLU^B,The Gabelli Global Utility and Income Trust Series B Cumulative Puttable and Callable Preferred Shares,$49.90,0.019,0.038%,,United States,,150,,
GLV,Clough Global Dividend and Income Fund Common Shares of beneficial interest,$5.57,0.01,0.18%,70792377.00,United States,2004,10561,Finance,Finance/Investors Services
GNS,Genius Group Limited Ordinary Shares,$0.4532,-0.0103,-2.222%,23067906.00,Singapore,2022,850125,Real Estate,Other Consumer Services
GORO,Gold Resource Corporation Common Stock,$0.6211,0.0041,0.665%,55127352.00,United States,,640099,Basic Materials,Precious Metals
GRF,Eagle Capital Growth Fund Inc. Common Stock,$9.39,0.09,0.968%,0.00,United States,,161,Finance,Finance/Investors Services
GRFX,Graphex Group Limited American Depositary Shares each American Depositary Share representing 20 Ordinary Shares,$0.26,0.0035,1.365%,202136194.00,,2022,7631,,
GROY,Gold Royalty Corp. Common Shares,$1.9696,-0.0804,-3.922%,285533473.00,Canada,2021,381940,Basic Materials,Precious Metals
GSAT,Globalstar Inc. Common Stock,$1.335,-0.005,-0.373%,2536500000.00,United States,2006,266063,Consumer Discretionary,Telecommunications Equipment
GTE,Gran Tierra Energy Inc. Common Stock,$8.19,0.05,0.614%,264098843.00,Canada,,82171,Energy,Oil & Gas Production
HNRA,HNR Acquisition Corp Class A Common Stock,$2.75,-0.101,-3.543%,0.00,,2022,41894,Energy,Oil & Gas Production
HNW,Pioneer Diversified High Income Fund Inc.,$11.816,0.066,0.562%,0.00,United States,2007,1788,Finance,Finance/Investors Services
HUSA,Houston American Energy Corporation Common Stock,$1.63,-0.12,-6.857%,17777355.00,United States,,131746,Energy,Oil & Gas Production
HWM^,Howmet Aerospace Inc. $3.75 Preferred Stock,$60.50,0.00,0.00%,,United States,,1,,
IAF,abrdn Australia Equity Fund Inc. Common Stock,$4.37,0.06,1.392%,0.00,United States,1985,13246,Finance,Finance/Investors Services
IAUX,i-80 Gold Corp. Common Shares,$1.1614,-0.1986,-14.603%,346680611.00,Canada,2022,6228495,Basic Materials,Precious Metals
IBIO,iBio Inc. Common Stock,$2.3921,0.2821,13.37%,8334713.00,United States,,368452,Health Care,Biotechnology: Pharmaceutical Preparations
IDR,Idaho Strategic Resources Inc. Common Stock,$8.80,-0.18,-2.004%,110526926.00,,2022,6499,Basic Materials,Precious Metals
IE,Ivanhoe Electric Inc. Common Stock,$10.82,0.24,2.268%,1301715399.00,Canada,2022,128706,Basic Materials,Metal Mining
IGC,IGC Pharma Inc. Common Stock,$0.5501,-0.0994,-15.304%,35060315.00,United States,,644106,Health Care,Biotechnology: Pharmaceutical Preparations
IHT,InnSuites Hospitality Trust Shares of Beneficial Interest,$1.35,-0.03,-2.174%,12157838.00,United States,1999,9413,Real Estate,Real Estate Investment Trusts
IMO,Imperial Oil Limited Common Stock,$72.56,-0.36,-0.494%,38880318426.00,Canada,1929,45936,Energy,Integrated oil Companies
INDO,Indonesia Energy Corporation Limited Ordinary Shares,$2.96,-0.07,-2.31%,30014400.00,,2019,50865,Energy,Oil & Gas Production
INFU,InfuSystems Holdings Inc. Common Stock,$8.08,-0.23,-2.768%,171162890.00,United States,,10091,Health Care,Medical/Dental Instruments
INLX,Intellinetics Inc. Common Stock,$7.36,0.16,2.222%,30276251.00,,2022,3984,Technology,EDP Services
INTT,inTest Corporation Common Stock,$13.415,0.165,1.245%,163189424.00,United States,1997,22078,Industrials,Electrical Products
INUV,Inuvo Inc.,$0.3473,-0.0059,-1.67%,48351378.00,United States,,51338,Consumer Discretionary,Advertising
IOR,Income Opportunity Realty Investors Inc. Common Stock,$17.00,0.00,0.00%,69882138.00,United States,1987,6,Real Estate,Real Estate Investment Trusts
ISDR,Issuer Direct Corporation Common Stock,$12.4925,-0.2175,-1.711%,47661536.00,United States,,3767,Consumer Discretionary,Publishing
ITP,IT Tech Packaging Inc. Common Stock,$0.265,-0.003,-1.119%,2667469.00,China,,3531,Consumer Discretionary,Containers/Packaging
ITRG,Integra Resources Corp. Common Shares,$0.855,0.007,0.825%,73007831.00,,,228246,,
JOB,GEE Group Inc. Common Stock,$0.3533,0.0006,0.17%,38428999.00,United States,1968,33246,Consumer Discretionary,Diversified Commercial Services
JWSM,Jaws Mustang Acquisition Corp. Class A Ordinary Shares,$11.0098,0.0094,0.085%,0.00,,2021,348,Finance,Blank Checks
KNW,Know Labs Inc. Common Stock,$0.6401,0.0003,0.047%,52069910.00,,2022,29493,Industrials,Industrial Machinery/Components
KULR,KULR Technology Group Inc. Common Stock,$0.6821,0.0966,16.499%,87230136.00,United States,,17907888,Technology,Electrical Products
LCTX,Lineage Cell Therapeutics Inc. Common Stock,$1.4447,0.0447,3.193%,272374399.00,United States,,153623,Health Care,Biotechnology: Biological Products (No Diagnostic Substances)
LEGT,Legato Merger Corp. III Ordinary Shares,$10.06,0.00,0.00%,0.00,,2024,4,,
LEU,Centrus Energy Corp. Class A Common Stock,$44.30,-0.48,-1.072%,694430586.00,United States,2014,26912,Industrials,Mining & Quarrying of Nonmetallic Minerals (No Fuels)
LGL,LGL Group Inc. (The) Common Stock,$5.99,0.00,0.00%,32184599.00,United States,1946,25,Technology,Industrial Machinery/Components
LODE,Comstock Inc. Common Stock,$0.369,0.039,11.818%,42737942.00,United States,,927687,Industrials,Major Chemicals
LPA,Logistic Properties of the Americas Ordinary Shares,$7.70,-0.25,-3.145%,0.00,,2024,4567,,
LPTV,Loop Media Inc. Common Stock,$0.3273,-0.0047,-1.416%,23189602.00,United States,2022,81617,Industrials,Broadcasting
LSF,Laird Superfood Inc. Common Stock,$2.33,0.05,2.193%,21936309.00,,2020,74082,Consumer Staples,Packaged Foods
LXFR,Luxfer Holdings PLC Ordinary Shares,$10.35,0.23,2.273%,277738400.00,United Kingdom,2012,18569,Industrials,Major Chemicals
MAG,MAG Silver Corporation Ordinary Shares,$12.135,-0.005,-0.041%,1249281419.00,Canada,,408258,,
MAIA,MAIA Biotechnology Inc. Common Stock,$2.435,0.085,3.617%,48706881.00,,2022,60285,Health Care,Biotechnology: Pharmaceutical Preparations
MGLD,The Marygold Companies Inc. Common Stock,$1.13,0.00,0.00%,44503309.00,,2022,66,Finance,Finance: Consumer Services
MHH,Mastech Digital Inc Common Stock,$9.03,0.00,0.00%,104858031.00,United States,,23,Consumer Discretionary,Professional Services
MI,NFT Limited Class A Ordinary Share,$0.1512,0.0012,0.80%,5290773.00,,2023,71701,Consumer Discretionary,Other Specialty Stores
MITQ,Moving iMage Technologies Inc. Common Stock,$0.5253,0.00,0.00%,5504733.00,United States,2021,119,Telecommunications,Telecommunications Equipment
MLSS,Milestone Scientific Inc. Common Stock,$0.6149,-0.0049,-0.791%,47102641.00,United States,2015,25810,Health Care,Industrial Specialties
MMA,Alta Global Group Limited Ordinary Shares,$3.94,0.00,0.00%,40454683.00,,2024,2847,,
MPTI,M-tron Industries Inc. Common Stock,$26.67,-0.27,-1.002%,74570147.00,,2022,14006,,
MPU,Mega Matrix Corp. Common Stock,$2.725,0.045,1.679%,97758369.00,United States,1998,122145,Consumer Discretionary,Diversified Commercial Services
MRT,Marti Technologies Inc. Class A Ordinary Shares,$1.21,0.12,11.009%,21742188.00,,2021,778967,Consumer Discretionary,Rental/Leasing Companies
MSN,Emerson Radio Corporation Common Stock,$0.536,0.0058,1.094%,11278861.00,United States,1994,657,Consumer Staples,Consumer Electronics/Appliances
MTA,Metalla Royalty & Streaming Ltd. Common Shares,$3.29,-0.07,-2.083%,300735117.00,,,310327,Basic Materials,Precious Metals
MTNB,Matinas Biopharma Holdings Inc. Common Stock,$0.2152,0.0024,1.128%,46802305.00,United States,2017,238822,Health Care,Biotechnology: Pharmaceutical Preparations
MWG,Multi Ways Holdings Limited Ordinary Shares,$0.322,-0.001,-0.31%,7985600.00,,2023,113,Consumer Discretionary,Miscellaneous manufacturing industries
MXC,Mexco Energy Corporation Common Stock,$13.12,-0.04,-0.304%,27523635.00,United States,2003,4591,Energy,Oil & Gas Production
MYND,Mynd.ai Inc. American Depositary Shares,$4.52,0.218,5.067%,206327975.00,,2017,15518,Real Estate,Other Consumer Services
MYO,Myomo Inc. Common Stock,$3.1789,0.1289,4.226%,90557858.00,United States,2017,82846,Health Care,Industrial Specialties
NAK,Northern Dynasty Minerals Ltd. Common Stock,$0.317,-0.0051,-1.583%,167985594.00,Canada,,155206,Basic Materials,Precious Metals
NBH,Neuberger Berman Municipal Fund Inc. Common Stock,$10.265,0.035,0.342%,0.00,United States,2002,27586,Finance,Finance/Investors Services
NBY,NovaBay Pharmaceuticals Inc. Common Stock,$0.0923,-0.0088,-8.704%,2778059.00,United States,2007,1071137,Health Care,Biotechnology: Pharmaceutical Preparations
NCL,Northann Corp. Common Stock,$0.4901,-0.0499,-9.241%,10478338.00,,2023,73443,,
NEN,New England Realty Associates Limited Partnership Class A Depositary Receipts Evidencing Units of Limited Partnership,$70.50,0.00,0.00%,200071316.00,United States,,4,Real Estate,Building operators
NEWP,New Pacific Metals Corp. Common Shares,$1.7499,0.0399,2.333%,299595803.00,,2021,156700,Basic Materials,Precious Metals
NFGC,New Found Gold Corp Common Shares,$3.975,0.075,1.923%,742820223.00,,2021,354483,Basic Materials,Precious Metals
NG,Novagold Resources Inc.,$3.17,-0.02,-0.627%,1059956777.00,Canada,2003,469823,Basic Materials,Precious Metals
NGD,New Gold Inc.,$1.76,-0.06,-3.297%,1206656000.00,Canada,,3365669,Basic Materials,Metal Mining
NHC,National HealthCare Corporation Common Stock,$92.285,-0.305,-0.329%,1416573735.00,United States,1986,1420,Health Care,Hospital/Nursing Management
NHS,Neuberger Berman High Yield Strategies Fund,$8.075,0.015,0.186%,0.00,United States,,37809,Finance,Trusts Except Educational Religious and Charitable
NML,Neuberger Berman Energy Infrastructure and Income Fund Inc. Common Stock,$7.38,-0.04,-0.539%,0.00,,2013,83383,Finance,Finance/Investors Services
NNVC,NanoViricides Inc. Common Stock,$1.39,0.02,1.46%,16372810.00,United States,,5739,Health Care,Biotechnology: Pharmaceutical Preparations
NRO,Neuberger Berman Real Estate Securities Income Fund Inc.,$3.3275,0.0375,1.14%,0.00,United States,2003,23963,Finance,Finance/Investors Services
NRXS,Neuraxis Inc. Common Stock,$3.22,0.06,1.899%,17032235.00,,2023,193,,
NTIP,Network-1 Technologies Inc. Common Stock,$2.08,-0.04,-1.887%,48900840.00,United States,,153,Miscellaneous,Multi-Sector Companies
OBE,Obsidian Energy Ltd. Common Shares,$8.39,-0.13,-1.526%,648576684.00,Canada,2022,74900,Energy,Oil & Gas Production
OGEN,Oragenics Inc. Common Stock,$1.20,0.04,3.448%,5376832.00,United States,,10327,Health Care,Biotechnology: Pharmaceutical Preparations
OPTT,Ocean Power Technologies Inc. Common Stock,$0.243,-0.018,-6.897%,14449648.00,United States,2007,811082,Industrials,Industrial Machinery/Components
ORLA,Orla Mining Ltd. Common Shares,$3.93,-0.06,-1.504%,1235674530.00,,2020,64503,Basic Materials,Precious Metals
OZ,Belpointe PREP LLC Class A Units,$62.00,-1.47,-2.316%,231365648.00,,,505,,
PAPL,Pineapple Financial Inc. Common Stock,$1.3663,-0.0137,-0.993%,9812745.00,,2023,2800,Finance,Finance: Consumer Services
PCG^A,Pacific Gas & Electric Co. 6% Preferred Stock,$24.30,0.00,0.00%,,United States,,116,,
PCG^B,Pacific Gas & Electric Co. 5 1/2% Preferred Stock,$20.50,0.15,0.737%,,United States,,1035,,
PCG^C,Pacific Gas & Electric Co. 5% 1st Preferred Stock,$19.20,0.00,0.00%,,United States,,6,,
PCG^D,Pacific Gas & Electric Co. 5% 1st  Red. Preferred Stock,$19.22,-0.48,-2.437%,,United States,,505,,
PCG^E,Pacific Gas & Electric Co. 5% 1st A Preferred Stock,$19.00,0.05,0.264%,,United States,,471,,
PCG^G,Pacific Gas & Electric Co. 4.80% 1st Preferred Stock,$18.1353,-0.2047,-1.116%,,United States,,499,,
PCG^H,Pacific Gas & Electric Co. 4.50% 1st Preferred Stock,$17.20,0.00,0.00%,,United States,,5,,
PCG^I,Pacific Gas & Electric Co. 4.36% 1st Preferred Stock,$16.7278,0.2278,1.381%,,United States,,199,,
PED,Pedevco Corp. Common Stock,$0.8022,-0.0151,-1.848%,71680795.00,United States,,5251,Energy,Oil & Gas Production
PHGE,BiomX Inc. COmmon Stock,$0.3687,-0.011,-2.897%,20359642.00,,2019,49868,Health Care,Biotechnology: Pharmaceutical Preparations
PLAG,Planet Green Holdings Corp. Common Stock,$0.2415,-0.0048,-1.949%,17407786.00,China,,5553,Consumer Staples,Packaged Foods
PLG,Platinum Group Metals Ltd. Ordinary Shares (Canada),$1.38,-0.02,-1.429%,141279812.00,Canada,,231487,,
PLX,Protalix BioTherapeutics Inc. (DE) Common Stock,$1.27,0.10,8.547%,92776197.00,Israel,,365481,Health Care,Biotechnology: Biological Products (No Diagnostic Substances)
PMNT,Perfect Moment Ltd. Common Stock,$3.3101,-0.0299,-0.895%,51814482.00,United Kingdom,2024,153,,
PRK,Park National Corporation Common Stock,$131.38,1.42,1.093%,2117383011.00,United States,1994,2170,Finance,Major Banks
PTN,Palatin Technologies Inc. Common Stock,$2.10,0.34,19.318%,33886944.00,United States,1999,8951257,Health Care,Biotechnology: Pharmaceutical Preparations
PW,Power REIT (MD) Common Stock,$0.5369,-0.0244,-4.347%,1819909.00,United States,1998,8501,Real Estate,Real Estate Investment Trusts
PW^A,Power REIT 7.75% Series A Cumulative Perpetual Preferred Stock,$3.432,-0.3181,-8.482%,,United States,,952,,
PZG,Paramount Gold Nevada Corp. Common Stock,$0.4457,-0.0143,-3.109%,26880316.00,United States,2015,63045,Basic Materials,Precious Metals
RCG,RENN Fund Inc Common Stock,$1.59,-0.0299,-1.846%,0.00,United States,,16256,Finance,Investment Managers
REI,Ring Energy Inc. Common Stock,$2.0517,0.0117,0.574%,406101602.00,United States,,444826,Energy,Oil & Gas Production
REPX,Riley Exploration Permian Inc. Common Stock,$29.18,0.61,2.135%,595272934.00,United States,1999,75693,Energy,Oil & Gas Production
RHE,Regional Health Properties Inc. Common Stock,$2.676,0.0838,3.233%,4921239.00,,2017,3250,Real Estate,Real Estate
RHE^A,Regional Health Properties Inc. 10.875% Series A Cumulative Redeemable Preferred Stock,$0.48,-0.11,-18.644%,,,,100,,
RLGT,Radiant Logistics Inc. Common Stock,$5.28,0.04,0.763%,247753630.00,United States,,9422,Consumer Discretionary,Oil Refining/Marketing
RVP,Retractable Technologies Inc. Common Stock,$1.09,0.01,0.926%,32631503.00,United States,2001,58677,Health Care,Medical/Dental Instruments
RYDE,Ryde Group Ltd. Class A Ordinary Shares,$2.91,-0.06,-2.02%,55620119.00,,2024,8589,,
SACC,Sachem Capital Corp. 6.875% Notes due 2024,$24.85,0.01,0.04%,1179034367.00,United States,2019,422,Real Estate,Real Estate Investment Trusts
SACH,Sachem Capital Corp. Common Shares,$3.36,-0.25,-6.925%,159418731.00,United States,2017,269869,Real Estate,Real Estate Investment Trusts
SACH^A,Sachem Capital Corp. 7.75% Series A Cumulative Redeemable Preferred Stock,$23.17,0.00,0.00%,,United States,,369,,
SATX,SatixFy Communications Ltd. Ordinary Share,$0.6309,0.0108,1.742%,52436744.00,,2022,7516,Technology,Radio And Television Broadcasting And Communications Equipment
SBEV,Splash Beverage Group Inc. (NV) Common Stock,$0.3449,-0.0052,-1.485%,15565229.00,,2021,28531,Consumer Staples,Beverages (Production/Distribution)
SCCB,Sachem Capital Corp. 7.125% Notes due 2024,$25.05,0.02,0.08%,1188523578.00,United States,2019,400,Real Estate,Real Estate Investment Trusts
SCCC,Sachem Capital Corp. 7.75% Notes due 2025,$24.85,-0.0499,-0.20%,1179034367.00,United States,2020,170,Real Estate,Real Estate Investment Trusts
SCCD,Sachem Capital Corp. 6.00% Notes due 2026,$22.68,0.08,0.354%,1076076437.00,United States,,236,Real Estate,Real Estate Investment Trusts
SCCE,Sachem Capital Corp. 6.00% Notes due 2027,$22.245,-0.145,-0.648%,1055437404.00,United States,2022,6482,Real Estate,Real Estate Investment Trusts
SCCF,Sachem Capital Corp. 7.125% Notes due 2027,$22.63,-0.09,-0.396%,1073704134.00,United States,2022,610,Real Estate,Real Estate Investment Trusts
SCCG,Sachem Capital Corp. 8.00% Notes due 2027,$23.50,-0.10,-0.424%,1114982199.00,United States,2022,1548,Real Estate,Real Estate Investment Trusts
SCPX,Scorpius Holdings Inc. Common Stock,$0.1615,-0.003,-1.824%,4212225.00,United States,2022,32138,Health Care,Biotechnology: Pharmaceutical Preparations
SDPI,Superior Drilling Products Inc. Common Stock,$1.105,-0.015,-1.339%,33582320.00,,2014,15702,Industrials,Metal Fabrications
SEB,Seaboard Corporation Common Stock,$3179.99,2.21,0.07%,3087945189.00,United States,1996,124,Industrials,Farming/Seeds/Milling
SENS,Senseonics Holdings Inc. Common Stock,$0.5101,0.0221,4.529%,270693969.00,United States,,454208,Industrials,Industrial Machinery/Components
SER,Serina Therapeutics Inc. Common Stock,$11.14,0.39,3.628%,27857397.00,,2018,785,Health Care,Biotechnology: Pharmaceutical Preparations
SGE,Strong Global Entertainment Inc. Class A Common Voting Shares,$1.29,-0.15,-10.417%,10162416.00,,2023,2797,,
SGN,Signing Day Sports Inc. Common Stock,$0.4113,0.0503,13.934%,6319753.00,,2023,223541,,
SIF,SIFCO Industries Inc. Common Stock,$3.21,0.00,0.00%,19773558.00,United States,1969,6,Industrials,Aerospace
SILV,SilverCrest Metals Inc. Common Shares,$7.08,-0.09,-1.255%,1040321040.00,Canada,2018,654843,Basic Materials,Precious Metals
SIM,Grupo Simec S.A.B. de C.V. American Depositary Shares,$32.50,0.00,0.00%,5006472120.00,Mexico,1998,10,Industrials,Steel/Iron Ore
SKYH,Sky Harbour Group Corporation Class A Common Stock,$10.70,-0.22,-2.015%,710709815.00,United States,2022,3146,Industrials,Military/Government/Technical
SLI,Standard Lithium Ltd. Common Shares,$1.13,-0.05,-4.237%,195322983.00,Canada,2021,401625,Industrials,Major Chemicals
SLND,Southland Holdings Inc. Common Stock,$5.11,0.10,1.996%,244993130.00,United States,,7839,Industrials,Military/Government/Technical
SOAR,Volato Group Inc. Class A Common Stock,$2.97,0.00,0.00%,86877338.00,,2022,4479,Finance,Blank Checks
SSY,SunLink Health Systems Inc. Common Stock,$0.6715,-0.0506,-7.007%,4727765.00,United States,1996,1656,Health Care,Hospital/Nursing Management
STRW,Strawberry Fields REIT Inc. Common Stock,$8.00,0.00,0.00%,51793400.00,,2023,18,Real Estate,Real Estate Investment Trusts
STXS,Stereotaxis Inc. Common Stock,$3.13,-0.07,-2.188%,257063025.00,United States,,48214,Health Care,Biotechnology: Electromedical & Electrotherapeutic Apparatus
SVM,Silvercorp Metals Inc. Common Shares,$3.785,0.005,0.132%,671376479.00,Canada,,1526218,Basic Materials,Precious Metals
SVT,Servotronics Inc. Common Stock,$12.1981,0.0981,0.811%,31023586.00,United States,1970,1102,Consumer Discretionary,Industrial Machinery/Components
SYNX,Silynxcom Ltd. Ordinary Shares,$3.29,0.00,0.00%,17272500.00,,2024,76,,
TELL,Tellurian Inc. Common Stock,$0.552,-0.0098,-1.744%,431881174.00,United States,,7504351,Finance,Investment Bankers/Brokers/Service
TELZ,Tellurian Inc. 8.25% Senior Notes due 2028,$13.58,0.00,0.00%,10624902793.00,United States,,92,Energy,Oil & Gas Production
TGB,Taseko Mines Ltd. Common Stock,$2.42,0.04,1.681%,698719340.00,Canada,,1179970,Basic Materials,Precious Metals
THM,International Tower Hill Mines Ltd. Ordinary Shares (Canada),$0.684,-0.0002,-0.029%,136590314.00,Canada,,32974,,
TMP,Tompkins Financial Corporation Common Stock,$47.27,0.42,0.896%,680977198.00,United States,1997,3011,Finance,Major Banks
TMQ,Trilogy Metals Inc. Common Stock,$0.5058,0.0238,4.938%,81012361.00,Canada,,33690,Basic Materials,Precious Metals
TOON,Kartoon Studios Inc. Common Stock,$1.4815,0.0015,0.101%,52132686.00,United States,,37335,Consumer Discretionary,Movies/Entertainment
TOVX,Theriva Biologics Inc. Common Stock,$0.4325,-0.0155,-3.46%,7416531.00,United States,,3135,Health Care,Biotechnology: Pharmaceutical Preparations
TPET,Trio Petroleum Corp. Common Stock,$0.156,-0.0237,-13.189%,5758244.00,,2023,5769542,Energy,Oil & Gas Production
TPHS,Trinity Place Holdings Inc. Common Stock,$0.14,0.00,0.00%,8931139.00,,,110117,Real Estate,Building operators
TRT,Trio-Tech International Common Stock,$6.68,0.01,0.15%,27852627.00,United States,1998,2480,Technology,Industrial Machinery/Components
TRX,TRX Gold Corporation Common Stock,$0.44,-0.019,-4.139%,122799923.00,Canada,,223385,Basic Materials,Precious Metals
UAMY,United States Antimony Corporation Common Stock,$0.2401,-0.0025,-1.031%,25846121.00,United States,,69633,,
UAVS,AgEagle Aerial Systems Inc. Common Stock,$0.695,0.0102,1.489%,7569542.00,United States,,31613,Industrials,Aerospace
UEC,Uranium Energy Corp. Common Stock,$7.1099,-0.1701,-2.337%,2873397851.00,Canada,,1596407,Basic Materials,Other Metals and Minerals
UMAC,Unusual Machines Inc. Common Stock,$1.8346,-0.0654,-3.442%,16664297.00,,2024,32643,,
URG,Ur Energy Inc Common Shares (Canada),$1.69,-0.08,-4.52%,475948488.00,Canada,,973153,Basic Materials,Precious Metals
USAS,Americas Gold and Silver Corporation Common Shares no par value,$0.2531,-0.0019,-0.745%,54942351.00,Canada,2017,834058,Basic Materials,Metal Mining
UTG,Reaves Utility Income Fund Common Shares of Beneficial Interest,$26.71,0.07,0.263%,0.00,United States,2004,75338,Finance,Investment Managers
UUU,Universal Security Instruments Inc. Common Stock,$1.70,0.0869,5.387%,3931908.00,United States,2003,38590,Technology,Electronic Components
UUUU,Energy Fuels Inc Ordinary Shares (Canada),$6.3325,-0.2175,-3.321%,1035807525.00,Canada,,557024,,
VCXB,10X Capital Venture Acquisition Corp. III Class A Ordinary Shares,$10.82,0.00,0.00%,164563436.00,,2022,7,Finance,Blank Checks
VFL,abrdn National Municipal Income Fund Common Stock,$10.07,0.02,0.199%,0.00,United States,1993,3108,Finance,Finance/Investors Services
VGZ,Vista Gold Corp Common Stock,$0.5675,-0.015,-2.575%,68970571.00,United States,1986,48332,Basic Materials,Precious Metals
VINE,Fresh Vine Wine Inc. Common Stock,$0.7084,-0.0906,-11.339%,11317559.00,,2021,78583,Consumer Staples,Beverages (Production/Distribution)
VKI,Invesco Advantage Municipal Income Trust II Common Shares of Beneficial Interest (DE),$8.36,0.04,0.481%,371234327.00,United States,1993,23776,Finance,Finance Companies
VNRX,VolitionRX Limited Common Stock,$0.723,-0.0247,-3.303%,59335484.00,Singapore,2015,13660,Health Care,Biotechnology: Biological Products (No Diagnostic Substances)
VTAK,Catheter Precision Inc. Common Stock,$0.5001,-0.0059,-1.166%,3787459.00,,2018,2074,Health Care,Medical/Dental Instruments
VZLA,Vizsla Silver Corp. Common Shares,$1.4101,-0.0399,-2.752%,293292084.00,,2022,294077,Basic Materials,Precious Metals
WRN,Western Copper and Gold Corporation Common Stock,$1.5099,-0.0301,-1.955%,245538383.00,Canada,2011,73712,Basic Materials,Metal Mining
WWR,Westwater Resources Inc. Common Stock,$0.475,0.0005,0.105%,27028418.00,United States,,46817,Basic Materials,Metal Mining
WYY,WidePoint Corporation Common Stock,$2.41,0.07,2.991%,21313252.00,United States,,9135,Technology,EDP Services
XPL,Solitario Resources Corp. Common Stock,$0.6791,-0.0015,-0.22%,54081051.00,United States,,32348,Basic Materials,Precious Metals
XTNT,Xtant Medical Holdings Inc. Common Stock,$0.97,0.0237,2.504%,126310045.00,United States,,6242,Health Care,Biotechnology: Biological Products (No Diagnostic Substances)
YCBD,cbdMD Inc. Common Stock,$0.9093,0.0084,0.932%,2768902.00,United States,2017,27185,Consumer Discretionary,Package Goods/Cosmetics
YCBD^A,cbdMD Inc. 8.0% Series A Cumulative Convertible Preferred Stock,$0.72,0.00,0.00%,,United States,,52,,
ZDGE,Zedge Inc. Class B Common Stock ,$2.44,-0.01,-0.408%,35521105.00,,2016,8988,Technology,Computer Software: Prepackaged Software
ZOM,Zomedica Corp. Common Shares,$0.1399,-0.0004,-0.285%,137094959.00,United States,2017,954205,Health Care,Biotechnology: Pharmaceutical Preparations
